subject,IECI
1,0.17629377668102583
5,0.16902831993823828
