subject,IECI
1,0.16512212694384332
5,0.19331056836315177
