subject,IECI_LR_FIST,IECI_BF_BFET,delta
1,0.17629377668102583,0.16512212694384332,-0.011171649737182515
5,0.16902831993823828,0.19331056836315177,0.0242822484249135
